"name","mu.A","sigma.A","mu.r","sigma.r"
"n=10 m=1",-0.349573378520794,0.317489533866379,2.0900457675864,0.343749383860107
"n=15 m=1",-0.0749879991547627,0.285356803828067,2.22670280664672,0.3198115664894
"n=5 m=3",-0.924472056703662,0.305088062115812,1.92884143121475,0.44384383441504
